cust_id,requests,revenue
1,12,368
2,28,558
3,11,473
4,21,544
5,34,426
6,34,720
7,32,449
8,15,523
9,29,389
10,14,356
11,19,636
12,10,553
13,17,433
14,7,280
15,28,368
16,14,628
17,22,481
18,11,418
19,18,681
20,4,410
21,29,642
22,18,367
23,21,684
24,12,353
25,15,512
26,16,595
27,-2,481
28,17,546
29,13,412
30,34,804
31,14,469
32,22,376
33,10,333
34,39,309
35,33,479
36,21,525
37,30,511
38,8,486
39,39,540
40,29,572
41,7,464
42,20,521
43,27,386
44,17,520
45,34,534
46,17,462
47,9,501
48,31,384
49,6,416
50,28,531
51,12,393
52,21,555
53,34,453
54,10,473
55,32,540
56,17,615
57,25,451
58,22,448
59,11,299
60,-4,569
61,35,292
62,5,338
63,13,481
64,11,327
65,17,421
66,14,646
67,23,649
68,10,464
69,24,377
70,14,380
71,41,668
72,4,534
73,9,460
74,14,493
75,13,565
76,17,506
77,20,534
78,19,504
79,17,511
80,8,449
81,17,530
82,18,485
83,28,616
84,27,582
85,22,720
86,12,455
87,28,694
88,20,472
89,30,439
90,23,445
91,34,359
92,32,559
93,22,304
94,28,624
95,14,487
96,15,760
97,9,324
98,37,531
99,29,472
100,9,672
101,5,697
102,20,554
103,22,506
104,20,668
105,44,550
106,20,492
107,-6,539
108,25,434
109,6,480
110,23,725
111,2,496
112,29,557
113,9,360
114,3,410
115,33,272
116,36,514
117,18,468
118,6,357
119,21,634
120,36,505
121,22,632
122,10,647
123,9,416
124,21,490
125,24,409
126,18,548
127,30,620
128,19,589
129,10,614
130,17,491
131,10,317
132,27,385
133,21,350
134,28,545
135,9,516
136,15,440
137,42,373
138,-1,554
139,32,578
140,21,410
141,21,431
142,26,489
143,25,582
144,14,533
145,27,540
146,7,667
147,26,464
148,36,552
149,27,590
150,5,641
151,35,597
152,17,507
153,15,334
154,16,537
155,15,624
156,11,598
157,4,513
158,20,353
159,25,541
160,11,501
161,27,462
162,27,466
163,20,523
164,29,368
165,16,447
166,4,666
167,14,473
168,27,481
169,5,687
170,11,449
171,23,504
172,26,469
173,10,426
174,24,273
175,12,484
176,25,552
177,40,556
178,27,434
179,23,359
180,12,384
181,33,644
182,43,656
183,26,649
184,18,490
185,10,301
186,1,450
187,7,602
188,22,551
189,30,691
190,23,672
191,20,658
192,10,522
193,20,469
194,28,445
195,31,436
196,16,493
197,24,515
198,8,546
199,11,326
200,8,451
201,12,463
202,21,563
203,28,741
204,10,670
205,10,441
206,25,548
207,18,630
208,22,574
209,29,469
210,16,457
211,32,456
212,18,350
213,16,584
214,32,485
215,16,612
216,11,351
217,17,283
218,9,546
219,15,649
220,30,670
221,19,507
222,26,516
223,19,544
224,28,667
225,13,640
226,24,563
227,20,438
228,4,439
229,-2,402
230,31,497
231,28,569
232,35,388
233,20,464
234,14,566
235,12,397
236,26,476
237,16,475
238,23,544
239,17,626
240,20,387
241,-9,407
242,13,446
243,44,363
244,4,538
245,47,388
246,10,381
247,27,416
248,19,692
249,4,465
250,28,640
251,22,625
252,23,432
253,14,542
254,30,537
255,42,530
256,15,473
257,5,460
258,17,600
259,16,599
260,20,483
261,29,451
262,9,497
263,15,618
264,10,492
265,32,484
266,29,326
267,41,441
268,18,403
269,18,532
270,34,462
271,16,649
272,28,597
273,24,524
274,24,487
275,41,576
276,14,433
277,28,496
278,6,411
279,28,489
280,41,619
281,12,532
282,24,570
283,38,505
284,20,479
285,22,540
286,12,542
287,10,413
288,8,570
289,12,397
290,32,396
291,14,567
292,29,444
293,19,532
294,9,360
295,23,535
296,23,471
297,18,635
298,33,446
299,14,476
300,18,432
301,33,451
302,25,688
303,31,480
304,26,568
305,23,515
306,9,433
307,45,544
308,13,556
309,39,244
310,21,463
311,16,541
312,22,427
313,28,439
314,21,511
315,25,660
316,37,380
317,9,624
318,-5,498
319,38,543
320,13,430
321,20,520
322,14,416
323,14,548
324,45,444
325,46,521
326,23,353
327,47,741
328,12,623
329,28,436
330,9,367
331,18,699
332,7,537
333,25,565
334,10,551
335,20,533
336,29,513
337,4,496
338,10,468
339,17,483
340,16,694
341,22,442
342,2,556
343,20,539
344,23,610
345,21,586
346,20,499
347,28,465
348,3,550
349,14,474
350,-6,578
351,19,641
352,27,452
353,-5,718
354,18,503
355,24,615
356,9,421
357,9,470
358,32,611
359,11,528
360,12,422
361,3,526
362,3,429
363,22,627
364,31,661
365,16,360
366,32,536
367,28,428
368,18,627
369,23,642
370,22,559
371,7,553
372,13,532
373,5,412
374,39,503
375,15,446
376,27,500
377,10,519
378,25,491
379,16,630
380,25,577
381,39,440
382,21,458
383,17,558
384,3,540
385,27,482
386,25,263
387,-12,495
388,15,418
389,7,324
390,43,403
391,16,456
392,14,363
393,20,424
394,22,588
395,13,357
396,15,470
397,24,492
398,13,457
399,17,390
400,26,596
401,24,384
402,6,404
403,29,501
404,31,665
405,12,468
406,17,393
407,34,544
408,24,408
409,7,336
410,18,405
411,27,658
412,16,629
413,34,673
414,3,364
415,13,624
416,7,186
417,7,566
418,26,586
419,32,603
420,9,632
421,39,448
422,32,527
423,6,448
424,23,485
425,-12,401
426,27,433
427,3,382
428,20,645
429,22,521
430,8,399
431,32,502
432,26,539
433,25,492
434,24,569
435,15,772
436,23,479
437,-2,516
438,35,419
439,2,544
440,4,474
441,5,528
442,31,504
443,17,632
444,20,554
445,22,572
446,36,424
447,5,476
448,20,461
449,24,674
450,16,533
451,19,373
452,27,560
453,23,545
454,23,359
455,16,516
456,25,318
457,21,499
458,24,432
459,33,607
460,23,553
461,34,583
462,1,406
463,4,627
464,8,585
465,7,554
466,7,545
467,29,521
468,29,337
469,15,436
470,12,755
471,28,469
472,27,693
473,31,402
474,15,516
475,28,645
476,21,680
477,30,434
478,6,460
479,30,457
480,32,423
481,23,513
482,6,314
483,32,537
484,35,435
485,8,591
486,32,503
487,21,653
488,29,580
489,7,627
490,15,388
491,-3,441
492,7,421
493,38,497
494,26,403
495,16,585
496,35,637
497,22,388
498,3,509
499,12,547
500,14,634
501,35,572
502,22,379
503,16,595
504,25,617
505,14,369
506,36,605
507,25,633
508,9,409
509,10,480
510,16,420
511,19,572
512,29,421
513,19,595
514,20,462
515,7,589
516,21,366
517,15,518
518,33,501
519,-1,541
520,16,581
521,16,523
522,37,506
523,19,703
524,8,510
525,9,321
526,33,567
527,26,414
528,33,557
529,19,310
530,18,373
531,15,526
532,35,622
533,26,514
534,36,454
535,24,638
536,11,425
537,21,673
538,20,524
539,4,543
540,25,539
541,15,361
542,26,425
543,2,573
544,27,635
545,15,420
546,35,488
547,13,373
548,11,534
549,15,535
550,7,422
551,23,527
552,16,516
553,16,642
554,6,350
555,9,586
556,26,513
557,15,512
558,9,713
559,16,502
560,16,712
561,2,488
562,46,178
563,12,528
564,19,616
565,-4,419
566,45,516
567,9,484
568,4,631
569,-5,510
570,22,545
571,11,506
572,39,503
573,2,444
574,42,475
575,17,581
576,21,568
577,13,596
578,21,670
579,14,429
580,24,538
581,0,555
582,22,417
583,36,430
584,22,582
585,17,541
586,19,582
587,17,570
588,12,476
589,22,553
590,9,531
591,20,454
592,18,571
593,3,555
594,26,535
595,3,391
596,24,461
597,35,465
598,31,576
599,21,420
600,15,475
601,11,635
602,23,528
603,20,518
604,24,557
605,28,522
606,23,726
607,16,420
608,22,253
609,27,488
610,50,640
611,31,573
612,22,343
613,25,650
614,21,319
615,21,350
616,14,584
617,20,553
618,23,459
619,26,465
620,20,375
621,11,466
622,39,423
623,-1,608
624,10,622
625,33,514
626,28,420
627,17,345
628,20,457
629,28,499
630,32,661
631,30,549
632,9,483
633,2,362
634,21,488
635,31,461
636,22,473
637,27,417
638,-1,477
639,18,318
640,15,641
641,17,609
642,16,557
643,8,584
644,20,594
645,22,657
646,34,462
647,7,395
648,29,550
649,3,347
650,17,392
651,24,432
652,19,524
653,27,594
654,23,658
655,22,324
656,14,474
657,20,520
658,26,576
659,14,588
660,17,660
661,6,488
662,20,278
663,38,323
664,17,437
665,35,448
666,4,517
667,18,419
668,26,611
669,23,629
670,17,476
671,25,385
672,16,428
673,7,587
674,20,540
675,26,437
676,41,439
677,10,541
678,26,435
679,5,671
680,21,420
681,28,711
682,17,562
683,15,564
684,36,431
685,31,636
686,12,491
687,25,330
688,26,344
689,35,660
690,7,467
691,10,393
692,6,427
693,14,538
694,14,359
695,37,592
696,19,584
697,22,426
698,18,444
699,22,473
700,16,481
701,14,496
702,26,569
703,16,473
704,33,475
705,24,559
706,13,476
707,29,400
708,38,716
709,10,369
710,9,527
711,11,423
712,37,558
713,19,445
714,28,556
715,10,422
716,26,600
717,24,558
718,16,503
719,14,417
720,22,550
721,15,436
722,17,463
723,10,544
724,26,522
725,42,486
726,-5,566
727,48,421
728,34,471
729,39,459
730,13,496
731,15,551
732,36,433
733,26,680
734,37,440
735,17,579
736,14,443
737,32,523
738,23,523
739,16,425
740,2,677
741,20,541
742,24,442
743,26,419
744,8,497
745,26,368
746,16,503
747,19,377
748,24,439
749,-2,200
750,16,507
751,7,503
752,30,493
753,1,535
754,14,578
755,21,538
756,12,514
757,21,585
758,9,649
759,24,503
760,11,358
761,36,436
762,6,437
763,19,584
764,31,532
765,38,591
766,26,486
767,27,548
768,27,500
769,15,470
770,61,593
771,10,541
772,2,517
773,9,495
774,18,446
775,7,713
776,22,501
777,20,461
778,20,553
779,26,452
780,20,520
781,30,545
782,28,354
783,23,479
784,9,462
785,17,566
786,7,564
787,24,518
788,14,607
789,10,691
790,22,545
791,12,599
792,12,509
793,28,446
794,6,444
795,27,447
796,18,503
797,23,485
798,11,583
799,31,671
800,9,573
801,23,522
802,31,395
803,10,351
804,21,379
805,11,547
806,27,412
807,18,582
808,29,416
809,12,515
810,23,557
811,22,623
812,28,418
813,16,504
814,22,530
815,16,684
816,31,593
817,9,461
818,7,698
819,13,716
820,27,546
821,13,604
822,16,408
823,24,475
824,5,594
825,32,646
826,17,428
827,32,415
828,12,457
829,36,304
830,31,503
831,21,744
832,2,540
833,17,561
834,16,624
835,13,430
836,27,698
837,10,522
838,11,481
839,6,456
840,15,459
841,29,355
842,23,436
843,34,585
844,23,574
845,23,492
846,23,399
847,15,627
848,20,563
849,10,513
850,23,720
851,11,649
852,9,492
853,6,569
854,20,624
855,22,502
856,9,557
857,4,630
858,20,653
859,19,526
860,11,601
861,14,566
862,26,504
863,11,621
864,26,507
865,26,419
866,17,410
867,28,396
868,30,628
869,24,394
870,17,650
871,11,565
872,18,498
873,32,503
874,18,561
875,9,474
876,44,433
877,26,536
878,17,559
879,15,565
880,15,584
881,19,500
882,24,424
883,13,704
884,1,436
885,18,501
886,14,501
887,27,496
888,36,465
889,24,429
890,15,342
891,30,591
892,26,496
893,17,549
894,33,448
895,2,389
896,5,474
897,16,542
898,19,649
899,13,334
900,9,589
901,58,960
902,58,1161
903,41,1027
904,48,1048
905,63,1115
906,59,1233
907,42,994
908,66,973
909,39,893
910,60,1180
911,44,913
912,55,863
913,54,1071
914,66,844
915,46,1030
916,47,1000
917,49,828
918,36,1121
919,52,1060
920,57,985
921,68,908
922,64,932
923,66,1126
924,45,1029
925,79,894
926,48,951
927,52,1138
928,54,920
929,42,925
930,54,890
931,63,915
932,56,1102
933,54,990
934,63,1070
935,65,920
936,54,1002
937,49,931
938,37,1002
939,37,871
940,35,984
941,55,1095
942,46,1132
943,38,841
944,50,887
945,50,1191
946,64,893
947,69,995
948,57,878
949,56,1101
950,61,1006
951,68,1029
952,41,1019
953,43,832
954,69,1152
955,51,1218
956,46,1078
957,59,1153
958,68,956
959,46,913
960,44,888
961,49,1089
962,54,934
963,53,1026
964,46,862
965,46,802
966,54,1142
967,52,1089
968,70,1116
969,52,1147
970,49,983
971,56,890
972,43,902
973,41,1123
974,57,1071
975,54,1030
976,53,976
977,44,948
978,46,1080
979,66,1031
980,40,1078
981,50,902
982,51,1012
983,55,992
984,55,1051
985,59,926
986,34,1035
987,52,884
988,47,1050
989,50,892
990,49,861
991,44,989
992,42,870
993,45,1186
994,47,1036
995,54,1099
996,58,998
997,56,997
998,82,939
999,39,863
1000,57,814
1001,58,1240
1002,58,947
1003,45,1082
1004,62,906
1005,46,1024
1006,53,1007
1007,50,932
1008,56,1048
1009,72,1028
1010,29,948
1011,46,1043
1012,60,1081
1013,65,1010
1014,54,934
1015,56,1106
1016,56,820
1017,65,885
1018,48,822
1019,44,1181
1020,29,1072
1021,47,778
1022,50,848
1023,45,1103
1024,50,1053
1025,37,1006
1026,51,972
1027,40,954
1028,50,1004
1029,51,916
1030,62,925
1031,35,905
1032,73,954
1033,31,881
1034,32,850
1035,51,852
1036,51,897
1037,53,1100
1038,39,714
1039,44,983
1040,46,864
1041,42,1014
1042,49,949
1043,59,852
1044,62,889
1045,70,814
1046,48,1054
1047,51,984
1048,70,854
1049,56,895
1050,56,1009
1051,47,1182
1052,41,1103
1053,62,1207
1054,60,1049
1055,63,1069
1056,48,1159
1057,58,987
1058,56,1079
1059,61,1083
1060,47,1080
1061,56,1032
1062,42,1057
1063,39,1138
1064,61,936
1065,50,1099
1066,60,1087
1067,67,828
1068,46,985
1069,53,780
1070,52,958
1071,43,864
1072,42,1006
1073,34,914
1074,50,1045
1075,39,958
1076,50,950
1077,49,845
1078,53,1064
1079,33,969
1080,36,1087
1081,28,800
1082,41,1033
1083,59,1196
1084,51,1003
1085,46,1056
1086,54,918
1087,53,1089
1088,59,1006
1089,61,860
1090,53,1113
1091,41,1163
1092,45,1094
1093,50,983
1094,51,1083
1095,52,1032
1096,49,958
1097,60,971
1098,54,1032
1099,50,837
1100,53,902
1101,52,953
1102,59,1096
1103,48,1011
1104,63,1038
1105,59,1065
1106,49,1075
1107,51,895
1108,48,999
1109,51,1034
1110,43,1132
1111,51,847
1112,35,953
1113,52,1004
1114,51,1011
1115,41,1065
1116,70,785
1117,41,1031
1118,51,1004
1119,40,1064
1120,43,739
1121,31,962
1122,48,910
1123,51,1091
1124,70,1146
1125,47,904
1126,56,977
1127,75,1197
1128,47,1054
1129,56,952
1130,48,891
1131,61,966
1132,56,863
1133,56,901
1134,69,754
1135,34,989
1136,52,1012
1137,29,1098
1138,49,1000
1139,42,962
1140,57,913
1141,47,1006
1142,45,1046
1143,57,1063
1144,53,1040
1145,68,1133
1146,62,907
1147,47,1005
1148,43,1157
1149,56,1115
1150,46,869
1151,51,1077
1152,45,1056
1153,46,968
1154,39,833
1155,41,1063
1156,44,1010
1157,57,1082
1158,41,1184
1159,48,1031
1160,63,955
1161,71,999
1162,54,1075
1163,49,831
1164,41,1195
1165,39,991
1166,44,1009
1167,35,1048
1168,46,867
1169,32,866
1170,54,1044
1171,44,966
1172,54,1013
1173,57,941
1174,61,1006
1175,63,811
1176,53,959
1177,38,937
1178,49,970
1179,37,1031
1180,52,900
1181,46,972
1182,48,1073
1183,54,1059
1184,43,1130
1185,44,1003
1186,49,974
1187,51,799
1188,44,906
1189,47,915
1190,46,1126
1191,37,920
1192,53,1126
1193,41,897
1194,62,776
1195,64,920
1196,57,1164
1197,46,955
1198,43,972
1199,73,917
1200,40,793
1201,47,1273
1202,29,993
1203,53,919
1204,47,1086
1205,56,1117
1206,50,988
1207,54,916
1208,59,1062
1209,36,871
1210,41,931
1211,50,1010
1212,57,926
1213,49,863
1214,50,990
1215,50,878
1216,48,997
1217,48,849
1218,58,815
1219,59,1032
1220,32,1146
1221,63,987
1222,49,1007
1223,56,1050
1224,49,1241
1225,51,898
1226,53,978
1227,76,935
1228,42,1072
1229,48,1122
1230,56,1034
1231,57,910
1232,41,996
1233,63,928
1234,58,1087
1235,43,789
1236,40,1170
1237,48,970
1238,46,1178
1239,58,1045
1240,36,1025
1241,52,978
1242,44,1003
1243,41,926
1244,36,1066
1245,57,917
1246,66,980
1247,53,970
1248,51,673
1249,60,725
1250,31,970
1251,35,848
1252,36,958
1253,47,1053
1254,63,936
1255,49,970
1256,50,1017
1257,47,1095
1258,61,962
1259,46,985
1260,54,1075
1261,65,1014
1262,56,1034
1263,50,1050
1264,55,902
1265,40,1116
1266,35,1046
1267,51,1043
1268,61,1080
1269,70,1006
1270,62,878
1271,58,862
1272,52,1053
1273,63,1116
1274,60,985
1275,54,901
1276,54,1136
1277,38,1079
1278,47,1125
1279,45,1051
1280,61,1037
1281,59,1053
1282,48,964
1283,46,847
1284,38,1011
1285,51,937
1286,42,863
1287,56,959
1288,35,855
1289,42,750
1290,42,1102
1291,60,965
1292,63,882
1293,56,1048
1294,32,1005
1295,48,970
1296,43,939
1297,41,1141
1298,53,1046
1299,51,909
1300,50,970
1301,38,950
1302,50,1054
1303,54,980
1304,51,870
1305,40,901
1306,53,921
1307,66,978
1308,53,855
1309,55,962
1310,31,910
1311,51,1036
1312,45,1047
1313,49,943
1314,50,1018
1315,52,1027
1316,54,899
1317,42,955
1318,45,932
1319,61,1142
1320,57,778
1321,61,931
1322,59,991
1323,37,1042
1324,59,786
1325,32,1131
1326,54,930
1327,74,890
1328,44,1038
1329,55,1022
1330,54,977
1331,42,987
1332,45,956
1333,37,1002
1334,47,860
1335,46,1080
1336,64,919
1337,57,1172
1338,67,723
1339,62,1051
1340,62,1075
1341,59,1003
1342,55,998
1343,43,1078
1344,38,1004
1345,47,1000
1346,52,949
1347,43,1137
1348,59,895
1349,66,971
1350,37,949
1351,52,801
1352,62,928
1353,47,1023
1354,41,903
1355,51,1099
1356,36,1081
1357,45,878
1358,41,935
1359,52,909
1360,41,990
1361,66,912
1362,48,945
1363,37,1132
1364,66,759
1365,36,985
1366,27,1084
1367,54,1010
1368,49,934
1369,50,953
1370,50,971
1371,74,963
1372,59,1078
1373,68,1193
1374,50,1048
1375,58,916
1376,55,923
1377,31,909
1378,67,1058
1379,47,974
1380,59,861
1381,48,971
1382,52,1034
1383,62,1067
1384,58,981
1385,45,960
1386,55,1249
1387,73,1105
1388,52,942
1389,56,984
1390,52,1066
1391,37,1049
1392,39,1074
1393,40,967
1394,34,937
1395,64,1085
1396,36,966
1397,46,1035
1398,48,890
1399,54,939
1400,51,1074
1401,24,1023
1402,36,983
1403,58,915
1404,55,1218
1405,62,1058
1406,44,1050
1407,46,1039
1408,30,1022
1409,68,945
1410,38,1161
1411,51,1002
1412,40,913
1413,52,967
1414,29,898
1415,49,1000
1416,40,996
1417,40,881
1418,37,1098
1419,51,968
1420,50,900
1421,70,1013
1422,55,1048
1423,68,986
1424,46,1053
1425,57,949
1426,66,1157
1427,36,914
1428,66,956
1429,69,947
1430,46,742
1431,45,1152
1432,51,1008
1433,33,838
1434,60,890
1435,33,994
1436,51,958
1437,65,923
1438,55,1093
1439,53,883
1440,70,950
1441,56,927
1442,23,970
1443,61,969
1444,56,872
1445,45,1111
1446,36,900
1447,41,1192
1448,53,867
1449,55,906
1450,55,1206
1451,18,795
1452,43,1129
1453,62,1026
1454,52,1004
1455,66,1076
1456,46,894
1457,46,1001
1458,56,901
1459,49,949
1460,30,886
1461,37,914
1462,56,957
1463,55,1060
1464,56,1075
1465,57,1002
1466,47,1005
1467,49,1014
1468,53,973
1469,33,1103
1470,52,842
1471,43,1113
1472,57,957
1473,35,933
1474,55,1059
1475,69,1087
1476,54,905
1477,54,1237
1478,52,919
1479,54,860
1480,49,1168
1481,63,1136
1482,49,913
1483,47,915
1484,52,1013
1485,45,1008
1486,44,999
1487,43,894
1488,58,919
1489,51,1081
1490,60,946
1491,55,1188
1492,35,1086
1493,64,1036
1494,51,1069
1495,47,1119
1496,37,954
1497,50,832
1498,57,937
1499,48,971
1500,48,1206
1501,49,1022
1502,62,990
1503,55,877
1504,51,788
1505,58,1084
1506,65,1068
1507,35,1112
1508,45,970
1509,53,1053
1510,53,870
1511,44,1029
1512,54,966
1513,46,1079
1514,45,950
1515,55,1083
1516,64,773
1517,56,1273
1518,49,1068
1519,38,987
1520,43,1185
1521,34,952
1522,53,1047
1523,45,941
1524,44,1116
1525,21,1084
1526,67,1040
1527,57,969
1528,48,1005
1529,63,1071
1530,55,979
1531,54,936
1532,46,970
1533,60,1014
1534,41,938
1535,40,1012
1536,69,1093
1537,45,1012
1538,55,832
1539,39,917
1540,60,935
1541,58,1094
1542,40,1109
1543,41,1014
1544,42,987
1545,47,968
1546,58,934
1547,33,975
1548,61,1050
1549,41,1039
1550,57,1054
1551,54,868
1552,51,941
1553,64,955
1554,44,1196
1555,46,955
1556,41,1130
1557,56,745
1558,50,1029
1559,47,924
1560,44,889
1561,52,1031
1562,56,1033
1563,64,911
1564,51,902
1565,61,805
1566,46,1183
1567,62,1045
1568,40,1153
1569,49,909
1570,33,1080
1571,71,1059
1572,49,1057
1573,55,979
1574,68,1098
1575,61,1013
1576,57,1234
1577,56,1061
1578,62,1067
1579,50,933
1580,55,1033
1581,53,1057
1582,55,1177
1583,53,1079
1584,66,985
1585,62,1072
1586,55,1015
1587,59,1066
1588,30,990
1589,29,1108
1590,26,1088
1591,59,879
1592,52,1075
1593,69,1147
1594,68,936
1595,72,910
1596,32,949
1597,50,1013
1598,51,877
1599,68,828
1600,55,818
1601,77,907
1602,44,1025
1603,58,1049
1604,50,914
1605,40,982
1606,54,1059
1607,63,770
1608,39,919
1609,66,1026
1610,39,722
1611,43,1074
1612,49,966
1613,42,940
1614,42,884
1615,56,1044
1616,44,992
1617,33,942
1618,23,1001
1619,40,953
1620,56,963
1621,54,1015
1622,40,1060
1623,45,943
1624,62,1020
1625,56,954
1626,57,1035
1627,39,1090
1628,64,1012
1629,40,1031
1630,62,1081
1631,35,1010
1632,55,1041
1633,44,1000
1634,60,1076
1635,53,952
1636,46,909
1637,56,901
1638,45,1014
1639,41,1055
1640,39,1102
1641,48,850
1642,49,1010
1643,55,934
1644,31,799
1645,63,1117
1646,47,799
1647,47,1046
1648,28,1049
1649,53,942
1650,57,1009
1651,54,1030
1652,57,1056
1653,53,833
1654,51,1017
1655,58,940
1656,48,853
1657,32,1081
1658,67,1266
1659,45,957
1660,44,928
1661,51,1052
1662,44,973
1663,59,1042
1664,59,1053
1665,38,853
1666,30,915
1667,61,1142
1668,32,1157
1669,54,986
1670,70,990
1671,71,1098
1672,58,812
1673,43,1058
1674,39,999
1675,64,1204
1676,45,975
1677,50,972
1678,72,916
1679,50,966
1680,49,1101
1681,49,1006
1682,62,1033
1683,36,803
1684,58,831
1685,78,1010
1686,37,908
1687,56,874
1688,42,1022
1689,68,1034
1690,48,1074
1691,48,918
1692,73,1008
1693,39,912
1694,52,981
1695,34,1080
1696,57,942
1697,48,1029
1698,66,1045
1699,33,1025
1700,54,973
1701,51,1130
1702,45,1092
1703,34,955
1704,52,996
1705,46,825
1706,49,873
1707,55,1072
1708,50,939
1709,41,1194
1710,47,915
1711,53,975
1712,43,1042
1713,47,1034
1714,55,1167
1715,45,959
1716,48,1034
1717,45,957
1718,58,861
1719,69,1057
1720,46,1031
1721,51,1143
1722,52,820
1723,46,1237
1724,38,1001
1725,54,1022
1726,34,1028
1727,40,929
1728,63,727
1729,47,1082
1730,48,1083
1731,59,934
1732,67,995
1733,68,1079
1734,52,944
1735,67,1117
1736,44,963
1737,57,970
1738,33,944
1739,33,1053
1740,62,1027
1741,31,877
1742,62,921
1743,58,912
1744,72,858
1745,27,1005
1746,64,1058
1747,47,1039
1748,58,956
1749,45,1146
1750,36,951
1751,50,1045
1752,69,997
1753,27,1095
1754,43,922
1755,70,805
1756,41,1031
1757,59,1105
1758,61,993
1759,50,907
1760,55,915
1761,44,876
1762,49,913
1763,51,1141
1764,50,904
1765,57,1101
1766,45,965
1767,52,1064
1768,67,850
1769,64,1068
1770,55,1149
1771,37,1067
1772,22,970
1773,59,1028
1774,33,1159
1775,61,1117
1776,38,1023
1777,58,1051
1778,55,1072
1779,56,1093
1780,58,1050
1781,58,878
1782,54,965
1783,39,995
1784,58,1003
1785,41,934
1786,52,1130
1787,57,1121
1788,64,911
1789,48,1071
1790,68,1033
1791,53,1004
1792,38,1125
1793,47,1092
1794,43,1098
1795,44,1013
1796,42,1029
1797,41,1110
1798,53,998
1799,38,1127
1800,42,825
1801,61,1198
1802,48,947
1803,39,1022
1804,54,1088
1805,33,1019
1806,59,1041
1807,28,1091
1808,41,941
1809,55,1038
1810,67,985
1811,59,1098
1812,37,1083
1813,51,934
1814,39,963
1815,46,993
1816,59,1061
1817,43,1099
1818,42,982
1819,37,955
1820,61,1111
1821,70,879
1822,61,1002
1823,72,871
1824,47,1082
1825,51,1068
1826,56,1083
1827,55,1002
1828,46,894
1829,68,1002
1830,62,895
1831,53,1025
1832,56,967
1833,56,987
1834,48,896
1835,59,1053
1836,40,1037
1837,49,968
1838,34,1087
1839,60,1040
1840,55,1012
1841,54,1131
1842,55,840
1843,71,835
1844,61,1207
1845,46,1020
1846,42,927
1847,59,1082
1848,60,1046
1849,59,1196
1850,29,1082
1851,51,851
1852,38,1015
1853,28,1001
1854,64,1085
1855,63,1082
1856,49,1030
1857,39,1024
1858,52,1046
1859,48,879
1860,59,1046
1861,62,960
1862,37,988
1863,49,896
1864,54,965
1865,34,835
1866,49,1011
1867,53,960
1868,62,1036
1869,35,1039
1870,53,1077
1871,48,1045
1872,45,855
1873,46,954
1874,57,1060
1875,62,918
1876,51,993
1877,51,1078
1878,55,1092
1879,49,946
1880,39,1049
1881,42,1069
1882,63,1028
1883,50,1121
1884,53,991
1885,50,1023
1886,65,894
1887,68,967
1888,56,931
1889,32,893
1890,61,1083
1891,52,1122
1892,53,935
1893,57,961
1894,56,1178
1895,65,987
1896,46,931
1897,54,989
1898,44,1051
1899,31,1142
1900,43,1197
1901,48,991
1902,55,924
1903,49,1101
1904,59,1078
1905,33,961
1906,56,876
1907,53,1031
1908,56,1084
1909,57,1064
1910,65,1156
1911,44,971
1912,47,1023
1913,58,1020
1914,65,994
1915,70,906
1916,60,1080
1917,56,945
1918,59,981
1919,55,1049
1920,55,844
1921,44,991
1922,38,763
1923,63,1073
1924,35,827
1925,56,1020
1926,61,852
1927,57,874
1928,53,1179
1929,47,937
1930,21,1086
1931,52,1064
1932,48,925
1933,38,1105
1934,69,1022
1935,53,1034
1936,48,953
1937,59,1047
1938,52,1014
1939,63,1017
1940,54,963
1941,57,1015
1942,45,1071
1943,33,970
1944,58,940
1945,55,920
1946,54,1044
1947,44,1006
1948,40,959
1949,54,1021
1950,36,1134
1951,24,1040
1952,47,1002
1953,35,951
1954,52,853
1955,64,936
1956,52,1013
1957,58,1010
1958,49,948
1959,44,1037
1960,55,862
1961,59,907
1962,70,937
1963,58,1042
1964,65,1165
1965,62,1058
1966,53,1113
1967,63,1065
1968,54,840
1969,53,916
1970,61,928
1971,48,1082
1972,57,1056
1973,41,946
1974,63,1036
1975,28,1080
1976,46,897
1977,37,1095
1978,56,940
1979,48,997
1980,36,1130
1981,53,1100
1982,46,1045
1983,43,978
1984,56,1016
1985,49,980
1986,45,1067
1987,46,1101
1988,52,1180
1989,36,1035
1990,38,988
1991,51,1086
1992,44,1154
1993,39,911
1994,51,939
1995,64,919
1996,46,1026
1997,40,964
1998,57,1101
1999,52,1073
2000,23,1023
2001,54,996
2002,34,1036
2003,40,997
2004,32,905
2005,39,1101
2006,37,1152
2007,62,1017
2008,55,874
2009,44,928
2010,54,903
2011,52,1089
2012,60,948
2013,44,1074
2014,66,1165
2015,38,1027
2016,60,912
2017,71,1095
2018,66,1102
2019,61,1146
2020,50,942
2021,62,954
2022,56,912
2023,56,1056
2024,66,1060
2025,46,1021
2026,38,1103
2027,52,1171
2028,49,1213
2029,51,948
2030,49,1078
2031,46,921
2032,58,1030
2033,54,909
2034,65,855
2035,57,988
2036,50,1128
2037,51,1078
2038,47,1180
2039,34,913
2040,53,955
2041,36,875
2042,41,1115
2043,65,1087
2044,43,1095
2045,52,875
2046,40,889
2047,41,928
2048,62,973
2049,48,935
2050,55,1011
2051,79,161
2052,66,347
2053,95,314
2054,106,229
2055,77,368
2056,79,138
2057,87,367
2058,86,286
2059,64,210
2060,83,232
2061,92,383
2062,78,224
2063,75,251
2064,81,266
2065,90,381
2066,75,388
2067,83,381
2068,90,194
2069,89,439
2070,54,418
2071,74,304
2072,69,531
2073,92,487
2074,84,173
2075,80,271
2076,91,328
2077,65,342
2078,74,385
2079,80,175
2080,74,276
2081,97,197
2082,95,282
2083,94,402
2084,74,323
2085,88,252
2086,86,284
2087,100,333
2088,73,215
2089,86,358
2090,75,294
2091,72,194
2092,69,215
2093,71,440
2094,91,294
2095,77,334
2096,76,276
2097,76,390
2098,74,315
2099,93,325
2100,95,153
2101,78,467
2102,76,156
2103,75,238
2104,106,261
2105,65,368
2106,64,179
2107,68,371
2108,86,281
2109,71,209
2110,88,371
2111,96,222
2112,78,208
2113,87,210
2114,88,315
2115,75,366
2116,90,124
2117,85,335
2118,83,364
2119,78,467
2120,77,363
2121,79,251
2122,79,402
2123,80,389
2124,84,326
2125,63,139
2126,71,441
2127,86,127
2128,80,246
2129,67,116
2130,73,268
2131,76,198
2132,84,309
2133,80,396
2134,67,235
2135,88,320
2136,74,158
2137,74,272
2138,71,396
2139,75,372
2140,74,113
2141,94,417
2142,76,309
2143,77,201
2144,94,469
2145,78,428
2146,82,228
2147,65,438
2148,86,356
2149,79,352
2150,66,222
2151,88,243
2152,99,206
2153,72,485
2154,105,336
2155,77,103
2156,88,299
2157,98,90
2158,72,312
2159,91,393
2160,91,166
2161,77,448
2162,73,194
2163,87,131
2164,75,444
2165,105,230
2166,68,244
2167,65,402
2168,79,270
2169,78,352
2170,87,316
2171,87,449
2172,93,177
2173,71,257
2174,76,208
2175,85,359
2176,73,532
2177,62,398
2178,85,394
2179,89,208
2180,86,135
2181,68,249
2182,85,174
2183,55,348
2184,79,525
2185,71,408
2186,69,377
2187,92,311
2188,81,272
2189,90,113
2190,85,367
2191,82,277
2192,91,374
2193,68,388
2194,91,468
2195,73,153
2196,92,105
2197,107,378
2198,71,90
2199,81,178
2200,84,545
2201,77,278
2202,86,443
2203,92,313
2204,90,358
2205,83,415
2206,73,445
2207,77,234
2208,96,255
2209,81,373
2210,94,665
2211,85,349
2212,88,461
2213,79,359
2214,69,253
2215,60,221
2216,90,463
2217,83,307
2218,70,356
2219,79,301
2220,99,321
2221,64,237
2222,81,429
2223,88,346
2224,82,384
2225,71,179
2226,100,341
2227,84,191
2228,84,356
2229,78,212
2230,81,261
2231,69,387
2232,71,270
2233,74,443
2234,70,408
2235,80,283
2236,83,352
2237,68,264
2238,84,347
2239,87,323
2240,79,427
2241,66,124
2242,95,408
2243,85,519
2244,68,161
2245,74,331
2246,82,400
2247,92,184
2248,73,147
2249,84,319
2250,83,148
2251,71,223
2252,80,267
2253,81,47
2254,88,360
2255,75,253
2256,89,225
2257,70,242
2258,88,401
2259,89,172
2260,71,221
2261,84,437
2262,81,323
2263,83,295
2264,76,487
2265,77,320
2266,88,327
2267,79,388
2268,85,357
2269,71,204
2270,81,248
2271,72,202
2272,84,273
2273,86,312
2274,73,447
2275,65,262
2276,73,321
2277,80,288
2278,82,415
2279,96,210
2280,67,312
2281,75,384
2282,72,221
2283,77,137
2284,74,379
2285,71,514
2286,77,261
2287,87,476
2288,62,217
2289,96,433
2290,71,276
2291,70,343
2292,86,199
2293,72,267
2294,67,253
2295,87,380
2296,67,344
2297,78,232
2298,81,198
2299,66,156
2300,76,274
2301,97,378
2302,70,189
2303,69,263
2304,74,429
2305,78,387
2306,71,236
2307,84,161
2308,78,386
2309,85,221
2310,64,232
2311,75,288
2312,88,319
2313,100,154
2314,89,160
2315,80,338
2316,87,290
2317,83,255
2318,65,408
2319,85,427
2320,83,565
2321,85,445
2322,73,273
2323,85,331
2324,91,219
2325,96,417
2326,69,359
2327,60,257
2328,74,288
2329,76,288
2330,88,416
2331,92,324
2332,81,158
2333,67,393
2334,76,281
2335,87,329
2336,94,386
2337,80,274
2338,70,410
2339,108,234
2340,102,388
2341,78,230
2342,72,495
2343,81,314
2344,77,75
2345,78,95
2346,86,364
2347,89,92
2348,74,286
2349,78,307
2350,78,445
2351,75,285
2352,81,248
2353,88,303
2354,99,297
2355,76,132
2356,59,175
2357,88,342
2358,85,311
2359,92,384
2360,83,254
2361,81,357
2362,69,298
2363,75,422
2364,83,282
2365,81,307
2366,94,486
2367,81,109
2368,85,228
2369,80,316
2370,83,356
2371,72,172
2372,70,519
2373,87,226
2374,77,307
2375,83,169
2376,89,243
2377,114,444
2378,77,201
2379,99,272
2380,46,160
2381,86,218
2382,79,342
2383,74,304
2384,91,188
2385,69,367
2386,70,334
2387,80,179
2388,77,295
2389,60,381
2390,81,241
2391,82,276
2392,76,231
2393,84,251
2394,83,370
2395,68,359
2396,59,180
2397,72,441
2398,83,345
2399,92,313
2400,79,390
2401,80,344
2402,61,439
2403,82,420
2404,84,402
2405,84,359
2406,82,313
2407,79,355
2408,77,285
2409,73,357
2410,77,313
2411,71,199
2412,69,34
2413,73,305
2414,74,359
2415,79,331
2416,78,260
2417,91,184
2418,72,344
2419,86,396
2420,78,180
2421,77,262
2422,91,273
2423,88,231
2424,83,260
2425,73,260
2426,62,462
2427,79,310
2428,72,324
2429,73,311
2430,70,214
2431,66,347
2432,73,486
2433,99,220
2434,69,182
2435,73,442
2436,84,256
2437,83,180
2438,85,407
2439,83,266
2440,79,405
2441,93,363
2442,96,377
2443,59,235
2444,90,221
2445,84,366
2446,81,73
2447,86,49
2448,61,344
2449,73,437
2450,73,194
2451,82,304
2452,66,167
2453,62,100
2454,64,346
2455,100,317
2456,70,430
2457,90,284
2458,72,270
2459,83,280
2460,83,416
2461,77,173
2462,81,332
2463,101,297
2464,80,380
2465,75,378
2466,96,334
2467,51,190
2468,95,237
2469,95,288
2470,88,175
2471,73,329
2472,61,394
2473,89,160
2474,81,242
2475,83,414
2476,74,291
2477,74,13
2478,90,231
2479,81,264
2480,87,103
2481,72,445
2482,77,163
2483,63,310
2484,93,366
2485,76,288
2486,98,382
2487,78,288
2488,86,413
2489,77,380
2490,100,198
2491,81,340
2492,85,318
2493,78,326
2494,88,264
2495,83,457
2496,72,175
2497,62,257
2498,80,343
2499,86,356
2500,71,237
2501,72,413
2502,86,328
2503,71,476
2504,82,271
2505,87,219
2506,88,219
2507,79,160
2508,60,198
2509,98,286
2510,97,446
2511,78,200
2512,78,119
2513,74,293
2514,85,261
2515,84,323
2516,77,174
2517,84,407
2518,65,283
2519,93,269
2520,71,478
2521,76,377
2522,69,287
2523,72,98
2524,59,283
2525,83,317
2526,70,343
2527,83,357
2528,95,235
2529,79,381
2530,72,349
2531,74,267
2532,83,408
2533,87,169
2534,87,432
2535,80,309
2536,81,364
2537,94,156
2538,67,445
2539,74,417
2540,103,413
2541,96,275
2542,73,406
2543,83,222
2544,63,412
2545,76,249
2546,74,315
2547,95,182
2548,77,215
2549,77,329
2550,100,263
2551,54,262
2552,91,276
2553,72,235
2554,69,164
2555,66,489
2556,87,338
2557,92,330
2558,83,252
2559,80,274
2560,62,260
2561,83,322
2562,74,274
2563,61,386
2564,82,236
2565,85,141
2566,79,291
2567,90,352
2568,84,377
2569,75,222
2570,79,387
2571,67,201
2572,74,471
2573,84,357
2574,88,190
2575,77,235
2576,85,262
2577,92,368
2578,62,200
2579,79,318
2580,74,515
2581,98,342
2582,83,423
2583,69,411
2584,85,251
2585,84,182
2586,60,302
2587,72,179
2588,98,409
2589,89,435
2590,88,573
2591,98,350
2592,78,406
2593,90,372
2594,81,340
2595,68,132
2596,95,324
2597,75,313
2598,71,513
2599,69,476
2600,98,284
2601,78,136
2602,74,378
2603,76,109
2604,74,209
2605,90,531
2606,63,355
2607,82,231
2608,72,292
2609,77,262
2610,60,304
2611,82,263
2612,94,153
2613,88,398
2614,73,349
2615,78,413
2616,88,377
2617,74,300
2618,69,348
2619,95,143
2620,76,351
2621,85,390
2622,81,315
2623,100,405
2624,86,362
2625,86,286
2626,101,214
2627,86,343
2628,67,218
2629,75,388
2630,83,198
2631,53,311
2632,68,217
2633,83,280
2634,88,276
2635,81,312
2636,91,470
2637,98,269
2638,83,312
2639,81,334
2640,95,374
2641,71,448
2642,94,334
2643,89,285
2644,82,367
2645,90,328
2646,81,195
2647,89,230
2648,94,210
2649,75,358
2650,80,447
2651,82,255
2652,75,194
2653,80,312
2654,93,378
2655,76,153
2656,84,405
2657,73,209
2658,77,387
2659,63,422
2660,74,427
2661,93,198
2662,47,185
2663,114,141
2664,89,278
2665,81,447
2666,81,554
2667,98,247
2668,69,351
2669,76,395
2670,64,191
2671,91,96
2672,78,378
2673,80,257
2674,63,340
2675,77,216
2676,90,500
2677,76,323
2678,69,333
2679,74,64
2680,83,374
2681,80,333
2682,74,204
2683,71,274
2684,70,286
2685,65,300
2686,81,305
2687,64,281
2688,83,118
2689,86,338
2690,61,86
2691,93,209
2692,75,195
2693,100,293
2694,92,339
2695,78,262
2696,92,486
2697,76,367
2698,69,172
2699,60,442
2700,78,264
2701,95,300
2702,103,255
2703,75,389
2704,83,408
2705,85,308
2706,78,372
2707,85,358
2708,64,276
2709,77,396
2710,77,71
2711,67,351
2712,79,453
2713,67,348
2714,86,344
2715,70,358
2716,74,127
2717,69,237
2718,102,279
2719,88,236
2720,79,408
2721,78,411
2722,93,275
2723,60,395
2724,80,58
2725,94,354
2726,89,157
2727,81,494
2728,72,203
2729,88,442
2730,84,239
2731,66,273
2732,76,537
2733,67,262
2734,73,127
2735,100,217
2736,74,164
2737,73,344
2738,83,227
2739,63,269
2740,74,457
2741,82,290
2742,82,352
2743,89,355
2744,62,221
2745,80,184
2746,84,378
2747,92,203
2748,71,320
2749,86,138
2750,82,211
2751,79,414
2752,71,428
2753,78,284
2754,82,131
2755,81,342
2756,90,292
2757,81,501
2758,71,186
2759,78,483
2760,72,276
2761,81,400
2762,72,158
2763,72,420
2764,109,378
2765,83,383
2766,93,391
2767,91,268
2768,64,363
2769,81,392
2770,67,263
2771,82,135
2772,60,311
2773,80,210
2774,82,571
2775,79,427
2776,68,385
2777,86,172
2778,78,407
2779,71,310
2780,71,251
2781,75,310
2782,87,361
2783,76,154
2784,79,135
2785,93,283
2786,80,388
2787,98,279
2788,74,353
2789,69,304
2790,98,254
2791,95,118
2792,54,111
2793,81,350
2794,91,418
2795,80,265
2796,88,107
2797,85,330
2798,97,324
2799,91,447
2800,95,192
2801,89,590
2802,83,301
2803,93,46
2804,65,292
2805,84,232
2806,79,369
2807,86,148
2808,87,188
2809,73,287
2810,76,216
2811,76,272
2812,80,338
2813,79,240
2814,75,232
2815,75,307
2816,77,224
2817,54,259
2818,78,399
2819,64,219
2820,82,258
2821,55,461
2822,89,322
2823,78,192
2824,87,334
2825,77,365
2826,87,358
2827,87,237
2828,70,238
2829,75,234
2830,88,73
2831,90,307
2832,74,349
2833,66,376
2834,70,395
2835,79,264
2836,73,298
2837,76,346
2838,71,221
2839,84,143
2840,92,226
2841,81,191
2842,91,345
2843,84,366
2844,84,302
2845,79,127
2846,84,178
2847,104,296
2848,82,380
2849,89,222
2850,63,279
2851,101,132
2852,80,322
2853,58,339
2854,65,516
2855,78,302
2856,75,279
2857,95,339
2858,108,256
2859,63,286
2860,77,359
2861,72,237
2862,70,22
2863,89,331
2864,78,305
2865,74,227
2866,94,298
2867,94,324
2868,87,314
2869,76,345
2870,74,318
2871,82,116
2872,83,269
2873,82,327
2874,85,450
2875,78,271
2876,82,321
2877,95,179
2878,76,407
2879,96,241
2880,85,195
2881,79,236
2882,94,267
2883,79,322
2884,79,233
2885,77,408
2886,64,376
2887,65,312
2888,76,350
2889,93,102
2890,90,281
2891,72,239
2892,97,281
2893,73,75
2894,90,278
2895,64,193
2896,81,367
2897,103,238
2898,75,326
2899,89,178
2900,79,263
2901,95,287
2902,85,388
2903,85,84
2904,62,456
2905,88,275
2906,94,248
2907,63,402
2908,75,201
2909,71,344
2910,86,267
2911,83,220
2912,65,358
2913,70,288
2914,83,259
2915,68,155
2916,88,443
2917,71,73
2918,86,123
2919,77,50
2920,94,419
2921,64,265
2922,78,444
2923,98,549
2924,72,398
2925,77,354
2926,61,326
2927,94,354
2928,73,299
2929,73,320
2930,78,382
2931,86,320
2932,61,324
2933,64,99
2934,64,410
2935,76,377
2936,83,186
2937,73,404
2938,78,363
2939,70,355
2940,70,594
2941,85,422
2942,69,213
2943,89,452
2944,92,264
2945,94,12
2946,85,287
2947,72,344
2948,78,169
2949,79,127
2950,67,225
2951,82,409
2952,86,471
2953,74,223
2954,76,361
2955,91,158
2956,73,199
2957,64,416
2958,86,242
2959,90,254
2960,71,212
2961,80,244
2962,74,95
2963,66,326
2964,74,356
2965,75,296
2966,91,545
2967,97,321
2968,87,232
2969,78,329
2970,94,180
2971,95,293
2972,70,330
2973,77,403
2974,89,191
2975,69,367
2976,73,303
2977,86,462
2978,92,221
2979,60,197
2980,68,270
2981,85,173
2982,98,427
2983,52,328
2984,72,270
2985,85,224
2986,72,242
2987,92,213
2988,89,249
2989,96,179
2990,87,286
2991,58,308
2992,80,329
2993,90,240
2994,80,449
2995,94,213
2996,96,335
2997,93,376
2998,74,295
2999,101,277
3000,75,151
